,Website,Room Type,Guest,CheckIn,ChakOut,price
0,Hotels.com,1 Bedroom Ocean View Villa - Bed And Breakfast,2,"Wed, 3 May","Thu, 4 May","US$1,022"
1,Hotels.com,3 Bedroom Ocean View Pool Villa - Bed And Breakfast,2,"Wed, 3 May","Thu, 4 May","US$3,325"
2,Expedia.com,1 Bedroom Ocean View Villa - Bed And Breakfast,2,"Wed, 3 May","Thu, 4 May","US$1,022"
3,Expedia.com,3 Bedroom Ocean View Pool Villa - Bed And Breakfast,2,"Wed, 3 May","Thu, 4 May","US$3,325"
4,Agoda,1 Bedroom Ocean View Villa - Bed And Breakfast,2,"Wed, 3 May","Thu, 4 May","US$1,022"
5,Agoda,3 Bedroom Ocean View Pool Villa - Bed And Breakfast,2,"Wed, 3 May","Thu, 4 May","US$3,325"
6,Hotels.com,"Family Villa, 1 King Bed - Bed And Breakfast",2,"Thu, 4 May","Fri, 5 May","US$1,201"
7,Hotels.com,3 Bedroom Hilltop Pool Villa - Bed And Breakfast,2,"Thu, 4 May","Fri, 5 May","US$3,106"
8,Hotels.com,3 Bedroom Ocean View Pool Villa - Bed And Breakfast,2,"Thu, 4 May","Fri, 5 May","US$3,371"
9,Hotels.com,3 Bedroom Beachfront Pool Villa - Bed And Breakfast,2,"Thu, 4 May","Fri, 5 May","US$3,660"
10,Hotels.com,"Family Villa, 1 King Bed - Bed And Breakfast",2,"Thu, 4 May","Fri, 5 May","US$1,200"
11,Hotels.com,3 Bedroom Hilltop Pool Villa - Bed And Breakfast,2,"Thu, 4 May","Fri, 5 May","US$3,103"
12,Hotels.com,3 Bedroom Ocean View Pool Villa - Bed And Breakfast,2,"Thu, 4 May","Fri, 5 May","US$3,368"
13,Hotels.com,3 Bedroom Beachfront Pool Villa - Bed And Breakfast,2,"Thu, 4 May","Fri, 5 May","US$3,657"
14,Hotels.com,Family Villa king bed,2,"Thu, 4 May","Fri, 5 May","US$1,201"
15,Hotels.com,Family Villa king bed,2,"Thu, 4 May","Fri, 5 May","US$1,294"
16,Hotels.com,Three-Bedroom Pool Villa with Ocean View,2,"Thu, 4 May","Fri, 5 May","US$2,972"
17,Hotels.com,Three Bedroom Pool Villa king bed,2,"Thu, 4 May","Fri, 5 May","US$3,107"
18,Hotels.com,Three Bedroom Pool Villa king bed,2,"Thu, 4 May","Fri, 5 May","US$3,199"
19,Hotels.com,Three Bedroom Pool Villa king bed,2,"Thu, 4 May","Fri, 5 May","US$3,292"
20,Hotels.com,Three Bedroom Ocean View Pool Villa king bed,2,"Thu, 4 May","Fri, 5 May","US$3,373"
21,Hotels.com,Three Bedroom Ocean View Pool Villa king bed,2,"Thu, 4 May","Fri, 5 May","US$3,465"
22,Hotels.com,Three Bedroom Ocean View Pool Villa king bed,2,"Thu, 4 May","Fri, 5 May","US$3,557"
23,Hotels.com,Three Bedroom Beachfront Pool Villa king bed,2,"Thu, 4 May","Fri, 5 May","US$3,661"
24,Hotels.com,Three Bedroom Beachfront Pool Villa king bed,2,"Thu, 4 May","Fri, 5 May","US$3,754"
25,Hotels.com,Three Bedroom Beachfront Pool Villa king bed,2,"Thu, 4 May","Fri, 5 May","US$3,846"
26,Expedia.com,"Family Villa, 1 King Bed - Bed And Breakfast",2,"Thu, 4 May","Fri, 5 May","US$1,201"
27,Expedia.com,3 Bedroom Hilltop Pool Villa - Bed And Breakfast,2,"Thu, 4 May","Fri, 5 May","US$3,106"
28,Expedia.com,3 Bedroom Ocean View Pool Villa - Bed And Breakfast,2,"Thu, 4 May","Fri, 5 May","US$3,371"
29,Expedia.com,3 Bedroom Beachfront Pool Villa - Bed And Breakfast,2,"Thu, 4 May","Fri, 5 May","US$3,660"
30,Expedia.com,"Family Villa, 1 King Bed - Bed And Breakfast",2,"Thu, 4 May","Fri, 5 May","US$1,200"
31,Expedia.com,3 Bedroom Hilltop Pool Villa - Bed And Breakfast,2,"Thu, 4 May","Fri, 5 May","US$3,103"
32,Expedia.com,3 Bedroom Ocean View Pool Villa - Bed And Breakfast,2,"Thu, 4 May","Fri, 5 May","US$3,368"
33,Expedia.com,3 Bedroom Beachfront Pool Villa - Bed And Breakfast,2,"Thu, 4 May","Fri, 5 May","US$3,657"
34,Expedia.com,Family Villa king bed,2,"Thu, 4 May","Fri, 5 May","US$1,201"
35,Expedia.com,Family Villa king bed,2,"Thu, 4 May","Fri, 5 May","US$1,294"
36,Expedia.com,Three-Bedroom Pool Villa with Ocean View,2,"Thu, 4 May","Fri, 5 May","US$2,972"
37,Expedia.com,Three Bedroom Pool Villa king bed,2,"Thu, 4 May","Fri, 5 May","US$3,107"
38,Expedia.com,Three Bedroom Pool Villa king bed,2,"Thu, 4 May","Fri, 5 May","US$3,199"
39,Expedia.com,Three Bedroom Pool Villa king bed,2,"Thu, 4 May","Fri, 5 May","US$3,292"
40,Expedia.com,Three Bedroom Ocean View Pool Villa king bed,2,"Thu, 4 May","Fri, 5 May","US$3,373"
41,Expedia.com,Three Bedroom Ocean View Pool Villa king bed,2,"Thu, 4 May","Fri, 5 May","US$3,465"
42,Expedia.com,Three Bedroom Ocean View Pool Villa king bed,2,"Thu, 4 May","Fri, 5 May","US$3,557"
43,Expedia.com,Three Bedroom Beachfront Pool Villa king bed,2,"Thu, 4 May","Fri, 5 May","US$3,661"
44,Expedia.com,Three Bedroom Beachfront Pool Villa king bed,2,"Thu, 4 May","Fri, 5 May","US$3,754"
45,Expedia.com,Three Bedroom Beachfront Pool Villa king bed,2,"Thu, 4 May","Fri, 5 May","US$3,846"
46,Agoda,"Family Villa, 1 King Bed - Bed And Breakfast",2,"Thu, 4 May","Fri, 5 May","US$1,201"
47,Agoda,3 Bedroom Hilltop Pool Villa - Bed And Breakfast,2,"Thu, 4 May","Fri, 5 May","US$3,106"
48,Agoda,3 Bedroom Ocean View Pool Villa - Bed And Breakfast,2,"Thu, 4 May","Fri, 5 May","US$3,371"
49,Agoda,3 Bedroom Beachfront Pool Villa - Bed And Breakfast,2,"Thu, 4 May","Fri, 5 May","US$3,660"
50,Agoda,"Family Villa, 1 King Bed - Bed And Breakfast",2,"Thu, 4 May","Fri, 5 May","US$1,200"
51,Agoda,3 Bedroom Hilltop Pool Villa - Bed And Breakfast,2,"Thu, 4 May","Fri, 5 May","US$3,103"
52,Agoda,3 Bedroom Ocean View Pool Villa - Bed And Breakfast,2,"Thu, 4 May","Fri, 5 May","US$3,368"
53,Agoda,3 Bedroom Beachfront Pool Villa - Bed And Breakfast,2,"Thu, 4 May","Fri, 5 May","US$3,657"
54,Agoda,Family Villa king bed,2,"Thu, 4 May","Fri, 5 May","US$1,201"
55,Agoda,Family Villa king bed,2,"Thu, 4 May","Fri, 5 May","US$1,294"
56,Agoda,Three-Bedroom Pool Villa with Ocean View,2,"Thu, 4 May","Fri, 5 May","US$2,972"
57,Agoda,Three Bedroom Pool Villa king bed,2,"Thu, 4 May","Fri, 5 May","US$3,107"
58,Agoda,Three Bedroom Pool Villa king bed,2,"Thu, 4 May","Fri, 5 May","US$3,199"
59,Agoda,Three Bedroom Pool Villa king bed,2,"Thu, 4 May","Fri, 5 May","US$3,292"
60,Agoda,Three Bedroom Ocean View Pool Villa king bed,2,"Thu, 4 May","Fri, 5 May","US$3,373"
61,Agoda,Three Bedroom Ocean View Pool Villa king bed,2,"Thu, 4 May","Fri, 5 May","US$3,465"
62,Agoda,Three Bedroom Ocean View Pool Villa king bed,2,"Thu, 4 May","Fri, 5 May","US$3,557"
63,Agoda,Three Bedroom Beachfront Pool Villa king bed,2,"Thu, 4 May","Fri, 5 May","US$3,661"
64,Agoda,Three Bedroom Beachfront Pool Villa king bed,2,"Thu, 4 May","Fri, 5 May","US$3,754"
65,Agoda,Three Bedroom Beachfront Pool Villa king bed,2,"Thu, 4 May","Fri, 5 May","US$3,846"
66,Hotels.com,"Family Villa, 1 King Bed - Bed And Breakfast",2,"Fri, 5 May","Fri, 5 May","US$1,201"
67,Hotels.com,3 Bedroom Hilltop Pool Villa - Bed And Breakfast,2,"Fri, 5 May","Fri, 5 May","US$3,106"
68,Hotels.com,3 Bedroom Ocean View Pool Villa - Bed And Breakfast,2,"Fri, 5 May","Fri, 5 May","US$3,371"
69,Hotels.com,3 Bedroom Beachfront Pool Villa - Bed And Breakfast,2,"Fri, 5 May","Fri, 5 May","US$3,660"
70,Hotels.com,"Family Villa, 1 King Bed - Bed And Breakfast",2,"Fri, 5 May","Fri, 5 May","US$1,200"
71,Hotels.com,3 Bedroom Hilltop Pool Villa - Bed And Breakfast,2,"Fri, 5 May","Fri, 5 May","US$3,103"
72,Hotels.com,3 Bedroom Ocean View Pool Villa - Bed And Breakfast,2,"Fri, 5 May","Fri, 5 May","US$3,368"
73,Hotels.com,3 Bedroom Beachfront Pool Villa - Bed And Breakfast,2,"Fri, 5 May","Fri, 5 May","US$3,657"
74,Hotels.com,Family Villa king bed,2,"Fri, 5 May","Fri, 5 May","US$1,201"
75,Hotels.com,Family Villa king bed,2,"Fri, 5 May","Fri, 5 May","US$1,294"
76,Hotels.com,Three-Bedroom Pool Villa with Ocean View,2,"Fri, 5 May","Fri, 5 May","US$2,972"
77,Hotels.com,Three Bedroom Pool Villa king bed,2,"Fri, 5 May","Fri, 5 May","US$3,107"
78,Hotels.com,Three Bedroom Pool Villa king bed,2,"Fri, 5 May","Fri, 5 May","US$3,199"
79,Hotels.com,Three Bedroom Pool Villa king bed,2,"Fri, 5 May","Fri, 5 May","US$3,292"
80,Hotels.com,Three Bedroom Ocean View Pool Villa king bed,2,"Fri, 5 May","Fri, 5 May","US$3,373"
81,Hotels.com,Three Bedroom Ocean View Pool Villa king bed,2,"Fri, 5 May","Fri, 5 May","US$3,465"
82,Hotels.com,Three Bedroom Ocean View Pool Villa king bed,2,"Fri, 5 May","Fri, 5 May","US$3,557"
83,Hotels.com,Three Bedroom Beachfront Pool Villa king bed,2,"Fri, 5 May","Fri, 5 May","US$3,661"
84,Hotels.com,Three Bedroom Beachfront Pool Villa king bed,2,"Fri, 5 May","Fri, 5 May","US$3,754"
85,Hotels.com,Three Bedroom Beachfront Pool Villa king bed,2,"Fri, 5 May","Fri, 5 May","US$3,846"
86,Expedia.com,"Family Villa, 1 King Bed - Bed And Breakfast",2,"Fri, 5 May","Fri, 5 May","US$1,201"
87,Expedia.com,3 Bedroom Hilltop Pool Villa - Bed And Breakfast,2,"Fri, 5 May","Fri, 5 May","US$3,106"
88,Expedia.com,3 Bedroom Ocean View Pool Villa - Bed And Breakfast,2,"Fri, 5 May","Fri, 5 May","US$3,371"
89,Expedia.com,3 Bedroom Beachfront Pool Villa - Bed And Breakfast,2,"Fri, 5 May","Fri, 5 May","US$3,660"
90,Expedia.com,"Family Villa, 1 King Bed - Bed And Breakfast",2,"Fri, 5 May","Fri, 5 May","US$1,200"
91,Expedia.com,3 Bedroom Hilltop Pool Villa - Bed And Breakfast,2,"Fri, 5 May","Fri, 5 May","US$3,103"
92,Expedia.com,3 Bedroom Ocean View Pool Villa - Bed And Breakfast,2,"Fri, 5 May","Fri, 5 May","US$3,368"
93,Expedia.com,3 Bedroom Beachfront Pool Villa - Bed And Breakfast,2,"Fri, 5 May","Fri, 5 May","US$3,657"
94,Expedia.com,Family Villa king bed,2,"Fri, 5 May","Fri, 5 May","US$1,201"
95,Expedia.com,Family Villa king bed,2,"Fri, 5 May","Fri, 5 May","US$1,294"
96,Expedia.com,Three-Bedroom Pool Villa with Ocean View,2,"Fri, 5 May","Fri, 5 May","US$2,972"
97,Expedia.com,Three Bedroom Pool Villa king bed,2,"Fri, 5 May","Fri, 5 May","US$3,107"
98,Expedia.com,Three Bedroom Pool Villa king bed,2,"Fri, 5 May","Fri, 5 May","US$3,199"
99,Expedia.com,Three Bedroom Pool Villa king bed,2,"Fri, 5 May","Fri, 5 May","US$3,292"
100,Expedia.com,Three Bedroom Ocean View Pool Villa king bed,2,"Fri, 5 May","Fri, 5 May","US$3,373"
101,Expedia.com,Three Bedroom Ocean View Pool Villa king bed,2,"Fri, 5 May","Fri, 5 May","US$3,465"
102,Expedia.com,Three Bedroom Ocean View Pool Villa king bed,2,"Fri, 5 May","Fri, 5 May","US$3,557"
103,Expedia.com,Three Bedroom Beachfront Pool Villa king bed,2,"Fri, 5 May","Fri, 5 May","US$3,661"
104,Expedia.com,Three Bedroom Beachfront Pool Villa king bed,2,"Fri, 5 May","Fri, 5 May","US$3,754"
105,Expedia.com,Three Bedroom Beachfront Pool Villa king bed,2,"Fri, 5 May","Fri, 5 May","US$3,846"
106,Agoda,"Family Villa, 1 King Bed - Bed And Breakfast",2,"Fri, 5 May","Fri, 5 May","US$1,201"
107,Agoda,3 Bedroom Hilltop Pool Villa - Bed And Breakfast,2,"Fri, 5 May","Fri, 5 May","US$3,106"
108,Agoda,3 Bedroom Ocean View Pool Villa - Bed And Breakfast,2,"Fri, 5 May","Fri, 5 May","US$3,371"
109,Agoda,3 Bedroom Beachfront Pool Villa - Bed And Breakfast,2,"Fri, 5 May","Fri, 5 May","US$3,660"
110,Agoda,"Family Villa, 1 King Bed - Bed And Breakfast",2,"Fri, 5 May","Fri, 5 May","US$1,200"
111,Agoda,3 Bedroom Hilltop Pool Villa - Bed And Breakfast,2,"Fri, 5 May","Fri, 5 May","US$3,103"
112,Agoda,3 Bedroom Ocean View Pool Villa - Bed And Breakfast,2,"Fri, 5 May","Fri, 5 May","US$3,368"
113,Agoda,3 Bedroom Beachfront Pool Villa - Bed And Breakfast,2,"Fri, 5 May","Fri, 5 May","US$3,657"
114,Agoda,Family Villa king bed,2,"Fri, 5 May","Fri, 5 May","US$1,201"
115,Agoda,Family Villa king bed,2,"Fri, 5 May","Fri, 5 May","US$1,294"
116,Agoda,Three-Bedroom Pool Villa with Ocean View,2,"Fri, 5 May","Fri, 5 May","US$2,972"
117,Agoda,Three Bedroom Pool Villa king bed,2,"Fri, 5 May","Fri, 5 May","US$3,107"
118,Agoda,Three Bedroom Pool Villa king bed,2,"Fri, 5 May","Fri, 5 May","US$3,199"
119,Agoda,Three Bedroom Pool Villa king bed,2,"Fri, 5 May","Fri, 5 May","US$3,292"
120,Agoda,Three Bedroom Ocean View Pool Villa king bed,2,"Fri, 5 May","Fri, 5 May","US$3,373"
121,Agoda,Three Bedroom Ocean View Pool Villa king bed,2,"Fri, 5 May","Fri, 5 May","US$3,465"
122,Agoda,Three Bedroom Ocean View Pool Villa king bed,2,"Fri, 5 May","Fri, 5 May","US$3,557"
123,Agoda,Three Bedroom Beachfront Pool Villa king bed,2,"Fri, 5 May","Fri, 5 May","US$3,661"
124,Agoda,Three Bedroom Beachfront Pool Villa king bed,2,"Fri, 5 May","Fri, 5 May","US$3,754"
125,Agoda,Three Bedroom Beachfront Pool Villa king bed,2,"Fri, 5 May","Fri, 5 May","US$3,846"
126,Hotels.com,"Family Villa, 1 King Bed - Bed And Breakfast",2,"Sat, 6 May","Sat, 6 May","US$1,201"
127,Hotels.com,3 Bedroom Hilltop Pool Villa - Bed And Breakfast,2,"Sat, 6 May","Sat, 6 May","US$3,106"
128,Hotels.com,3 Bedroom Ocean View Pool Villa - Bed And Breakfast,2,"Sat, 6 May","Sat, 6 May","US$3,371"
129,Hotels.com,3 Bedroom Beachfront Pool Villa - Bed And Breakfast,2,"Sat, 6 May","Sat, 6 May","US$3,660"
130,Hotels.com,"Family Villa, 1 King Bed - Bed And Breakfast",2,"Sat, 6 May","Sat, 6 May","US$1,200"
131,Hotels.com,3 Bedroom Hilltop Pool Villa - Bed And Breakfast,2,"Sat, 6 May","Sat, 6 May","US$3,103"
132,Hotels.com,3 Bedroom Ocean View Pool Villa - Bed And Breakfast,2,"Sat, 6 May","Sat, 6 May","US$3,368"
133,Hotels.com,3 Bedroom Beachfront Pool Villa - Bed And Breakfast,2,"Sat, 6 May","Sat, 6 May","US$3,657"
134,Hotels.com,Family Villa king bed,2,"Sat, 6 May","Sat, 6 May","US$1,201"
135,Hotels.com,Family Villa king bed,2,"Sat, 6 May","Sat, 6 May","US$1,294"
136,Hotels.com,Three-Bedroom Pool Villa with Ocean View,2,"Sat, 6 May","Sat, 6 May","US$2,972"
137,Hotels.com,Three Bedroom Pool Villa king bed,2,"Sat, 6 May","Sat, 6 May","US$3,107"
138,Hotels.com,Three Bedroom Pool Villa king bed,2,"Sat, 6 May","Sat, 6 May","US$3,199"
139,Hotels.com,Three Bedroom Pool Villa king bed,2,"Sat, 6 May","Sat, 6 May","US$3,292"
140,Hotels.com,Three Bedroom Ocean View Pool Villa king bed,2,"Sat, 6 May","Sat, 6 May","US$3,373"
141,Hotels.com,Three Bedroom Ocean View Pool Villa king bed,2,"Sat, 6 May","Sat, 6 May","US$3,465"
142,Hotels.com,Three Bedroom Ocean View Pool Villa king bed,2,"Sat, 6 May","Sat, 6 May","US$3,557"
143,Hotels.com,Three Bedroom Beachfront Pool Villa king bed,2,"Sat, 6 May","Sat, 6 May","US$3,661"
144,Hotels.com,Three Bedroom Beachfront Pool Villa king bed,2,"Sat, 6 May","Sat, 6 May","US$3,754"
145,Hotels.com,Three Bedroom Beachfront Pool Villa king bed,2,"Sat, 6 May","Sat, 6 May","US$3,846"
146,Expedia.com,"Family Villa, 1 King Bed - Bed And Breakfast",2,"Sat, 6 May","Sat, 6 May","US$1,201"
147,Expedia.com,3 Bedroom Hilltop Pool Villa - Bed And Breakfast,2,"Sat, 6 May","Sat, 6 May","US$3,106"
148,Expedia.com,3 Bedroom Ocean View Pool Villa - Bed And Breakfast,2,"Sat, 6 May","Sat, 6 May","US$3,371"
149,Expedia.com,3 Bedroom Beachfront Pool Villa - Bed And Breakfast,2,"Sat, 6 May","Sat, 6 May","US$3,660"
150,Expedia.com,"Family Villa, 1 King Bed - Bed And Breakfast",2,"Sat, 6 May","Sat, 6 May","US$1,200"
151,Expedia.com,3 Bedroom Hilltop Pool Villa - Bed And Breakfast,2,"Sat, 6 May","Sat, 6 May","US$3,103"
152,Expedia.com,3 Bedroom Ocean View Pool Villa - Bed And Breakfast,2,"Sat, 6 May","Sat, 6 May","US$3,368"
153,Expedia.com,3 Bedroom Beachfront Pool Villa - Bed And Breakfast,2,"Sat, 6 May","Sat, 6 May","US$3,657"
154,Expedia.com,Family Villa king bed,2,"Sat, 6 May","Sat, 6 May","US$1,201"
155,Expedia.com,Family Villa king bed,2,"Sat, 6 May","Sat, 6 May","US$1,294"
156,Expedia.com,Three-Bedroom Pool Villa with Ocean View,2,"Sat, 6 May","Sat, 6 May","US$2,972"
157,Expedia.com,Three Bedroom Pool Villa king bed,2,"Sat, 6 May","Sat, 6 May","US$3,107"
158,Expedia.com,Three Bedroom Pool Villa king bed,2,"Sat, 6 May","Sat, 6 May","US$3,199"
159,Expedia.com,Three Bedroom Pool Villa king bed,2,"Sat, 6 May","Sat, 6 May","US$3,292"
160,Expedia.com,Three Bedroom Ocean View Pool Villa king bed,2,"Sat, 6 May","Sat, 6 May","US$3,373"
161,Expedia.com,Three Bedroom Ocean View Pool Villa king bed,2,"Sat, 6 May","Sat, 6 May","US$3,465"
162,Expedia.com,Three Bedroom Ocean View Pool Villa king bed,2,"Sat, 6 May","Sat, 6 May","US$3,557"
163,Expedia.com,Three Bedroom Beachfront Pool Villa king bed,2,"Sat, 6 May","Sat, 6 May","US$3,661"
164,Expedia.com,Three Bedroom Beachfront Pool Villa king bed,2,"Sat, 6 May","Sat, 6 May","US$3,754"
165,Expedia.com,Three Bedroom Beachfront Pool Villa king bed,2,"Sat, 6 May","Sat, 6 May","US$3,846"
166,Agoda,"Family Villa, 1 King Bed - Bed And Breakfast",2,"Sat, 6 May","Sat, 6 May","US$1,201"
167,Agoda,3 Bedroom Hilltop Pool Villa - Bed And Breakfast,2,"Sat, 6 May","Sat, 6 May","US$3,106"
168,Agoda,3 Bedroom Ocean View Pool Villa - Bed And Breakfast,2,"Sat, 6 May","Sat, 6 May","US$3,371"
169,Agoda,3 Bedroom Beachfront Pool Villa - Bed And Breakfast,2,"Sat, 6 May","Sat, 6 May","US$3,660"
170,Agoda,"Family Villa, 1 King Bed - Bed And Breakfast",2,"Sat, 6 May","Sat, 6 May","US$1,200"
171,Agoda,3 Bedroom Hilltop Pool Villa - Bed And Breakfast,2,"Sat, 6 May","Sat, 6 May","US$3,103"
172,Agoda,3 Bedroom Ocean View Pool Villa - Bed And Breakfast,2,"Sat, 6 May","Sat, 6 May","US$3,368"
173,Agoda,3 Bedroom Beachfront Pool Villa - Bed And Breakfast,2,"Sat, 6 May","Sat, 6 May","US$3,657"
174,Agoda,Family Villa king bed,2,"Sat, 6 May","Sat, 6 May","US$1,201"
175,Agoda,Family Villa king bed,2,"Sat, 6 May","Sat, 6 May","US$1,294"
176,Agoda,Three-Bedroom Pool Villa with Ocean View,2,"Sat, 6 May","Sat, 6 May","US$2,972"
177,Agoda,Three Bedroom Pool Villa king bed,2,"Sat, 6 May","Sat, 6 May","US$3,107"
178,Agoda,Three Bedroom Pool Villa king bed,2,"Sat, 6 May","Sat, 6 May","US$3,199"
179,Agoda,Three Bedroom Pool Villa king bed,2,"Sat, 6 May","Sat, 6 May","US$3,292"
180,Agoda,Three Bedroom Ocean View Pool Villa king bed,2,"Sat, 6 May","Sat, 6 May","US$3,373"
181,Agoda,Three Bedroom Ocean View Pool Villa king bed,2,"Sat, 6 May","Sat, 6 May","US$3,465"
182,Agoda,Three Bedroom Ocean View Pool Villa king bed,2,"Sat, 6 May","Sat, 6 May","US$3,557"
183,Agoda,Three Bedroom Beachfront Pool Villa king bed,2,"Sat, 6 May","Sat, 6 May","US$3,661"
184,Agoda,Three Bedroom Beachfront Pool Villa king bed,2,"Sat, 6 May","Sat, 6 May","US$3,754"
185,Agoda,Three Bedroom Beachfront Pool Villa king bed,2,"Sat, 6 May","Sat, 6 May","US$3,846"
186,Hotels.com,"Family Villa, 1 King Bed - Bed And Breakfast",2,"Sun, 7 May","Sun, 7 May","US$1,201"
187,Hotels.com,3 Bedroom Hilltop Pool Villa - Bed And Breakfast,2,"Sun, 7 May","Sun, 7 May","US$3,106"
188,Hotels.com,3 Bedroom Ocean View Pool Villa - Bed And Breakfast,2,"Sun, 7 May","Sun, 7 May","US$3,371"
189,Hotels.com,3 Bedroom Beachfront Pool Villa - Bed And Breakfast,2,"Sun, 7 May","Sun, 7 May","US$3,660"
190,Hotels.com,"Family Villa, 1 King Bed - Bed And Breakfast",2,"Sun, 7 May","Sun, 7 May","US$1,200"
191,Hotels.com,3 Bedroom Hilltop Pool Villa - Bed And Breakfast,2,"Sun, 7 May","Sun, 7 May","US$3,103"
192,Hotels.com,3 Bedroom Ocean View Pool Villa - Bed And Breakfast,2,"Sun, 7 May","Sun, 7 May","US$3,368"
193,Hotels.com,3 Bedroom Beachfront Pool Villa - Bed And Breakfast,2,"Sun, 7 May","Sun, 7 May","US$3,657"
194,Hotels.com,Family Villa king bed,2,"Sun, 7 May","Sun, 7 May","US$1,201"
195,Hotels.com,Family Villa king bed,2,"Sun, 7 May","Sun, 7 May","US$1,294"
196,Hotels.com,Three-Bedroom Pool Villa with Ocean View,2,"Sun, 7 May","Sun, 7 May","US$2,972"
197,Hotels.com,Three Bedroom Pool Villa king bed,2,"Sun, 7 May","Sun, 7 May","US$3,107"
198,Hotels.com,Three Bedroom Pool Villa king bed,2,"Sun, 7 May","Sun, 7 May","US$3,199"
199,Hotels.com,Three Bedroom Pool Villa king bed,2,"Sun, 7 May","Sun, 7 May","US$3,292"
200,Hotels.com,Three Bedroom Ocean View Pool Villa king bed,2,"Sun, 7 May","Sun, 7 May","US$3,373"
201,Hotels.com,Three Bedroom Ocean View Pool Villa king bed,2,"Sun, 7 May","Sun, 7 May","US$3,465"
202,Hotels.com,Three Bedroom Ocean View Pool Villa king bed,2,"Sun, 7 May","Sun, 7 May","US$3,557"
203,Hotels.com,Three Bedroom Beachfront Pool Villa king bed,2,"Sun, 7 May","Sun, 7 May","US$3,661"
204,Hotels.com,Three Bedroom Beachfront Pool Villa king bed,2,"Sun, 7 May","Sun, 7 May","US$3,754"
205,Hotels.com,Three Bedroom Beachfront Pool Villa king bed,2,"Sun, 7 May","Sun, 7 May","US$3,846"
206,Expedia.com,"Family Villa, 1 King Bed - Bed And Breakfast",2,"Sun, 7 May","Sun, 7 May","US$1,201"
207,Expedia.com,3 Bedroom Hilltop Pool Villa - Bed And Breakfast,2,"Sun, 7 May","Sun, 7 May","US$3,106"
208,Expedia.com,3 Bedroom Ocean View Pool Villa - Bed And Breakfast,2,"Sun, 7 May","Sun, 7 May","US$3,371"
209,Expedia.com,3 Bedroom Beachfront Pool Villa - Bed And Breakfast,2,"Sun, 7 May","Sun, 7 May","US$3,660"
210,Expedia.com,"Family Villa, 1 King Bed - Bed And Breakfast",2,"Sun, 7 May","Sun, 7 May","US$1,200"
211,Expedia.com,3 Bedroom Hilltop Pool Villa - Bed And Breakfast,2,"Sun, 7 May","Sun, 7 May","US$3,103"
212,Expedia.com,3 Bedroom Ocean View Pool Villa - Bed And Breakfast,2,"Sun, 7 May","Sun, 7 May","US$3,368"
213,Expedia.com,3 Bedroom Beachfront Pool Villa - Bed And Breakfast,2,"Sun, 7 May","Sun, 7 May","US$3,657"
214,Expedia.com,Family Villa king bed,2,"Sun, 7 May","Sun, 7 May","US$1,201"
215,Expedia.com,Family Villa king bed,2,"Sun, 7 May","Sun, 7 May","US$1,294"
216,Expedia.com,Three-Bedroom Pool Villa with Ocean View,2,"Sun, 7 May","Sun, 7 May","US$2,972"
217,Expedia.com,Three Bedroom Pool Villa king bed,2,"Sun, 7 May","Sun, 7 May","US$3,107"
218,Expedia.com,Three Bedroom Pool Villa king bed,2,"Sun, 7 May","Sun, 7 May","US$3,199"
219,Expedia.com,Three Bedroom Pool Villa king bed,2,"Sun, 7 May","Sun, 7 May","US$3,292"
220,Expedia.com,Three Bedroom Ocean View Pool Villa king bed,2,"Sun, 7 May","Sun, 7 May","US$3,373"
221,Expedia.com,Three Bedroom Ocean View Pool Villa king bed,2,"Sun, 7 May","Sun, 7 May","US$3,465"
222,Expedia.com,Three Bedroom Ocean View Pool Villa king bed,2,"Sun, 7 May","Sun, 7 May","US$3,557"
223,Expedia.com,Three Bedroom Beachfront Pool Villa king bed,2,"Sun, 7 May","Sun, 7 May","US$3,661"
224,Expedia.com,Three Bedroom Beachfront Pool Villa king bed,2,"Sun, 7 May","Sun, 7 May","US$3,754"
225,Expedia.com,Three Bedroom Beachfront Pool Villa king bed,2,"Sun, 7 May","Sun, 7 May","US$3,846"
226,Agoda,"Family Villa, 1 King Bed - Bed And Breakfast",2,"Sun, 7 May","Sun, 7 May","US$1,201"
227,Agoda,3 Bedroom Hilltop Pool Villa - Bed And Breakfast,2,"Sun, 7 May","Sun, 7 May","US$3,106"
228,Agoda,3 Bedroom Ocean View Pool Villa - Bed And Breakfast,2,"Sun, 7 May","Sun, 7 May","US$3,371"
229,Agoda,3 Bedroom Beachfront Pool Villa - Bed And Breakfast,2,"Sun, 7 May","Sun, 7 May","US$3,660"
230,Agoda,"Family Villa, 1 King Bed - Bed And Breakfast",2,"Sun, 7 May","Sun, 7 May","US$1,200"
231,Agoda,3 Bedroom Hilltop Pool Villa - Bed And Breakfast,2,"Sun, 7 May","Sun, 7 May","US$3,103"
232,Agoda,3 Bedroom Ocean View Pool Villa - Bed And Breakfast,2,"Sun, 7 May","Sun, 7 May","US$3,368"
233,Agoda,3 Bedroom Beachfront Pool Villa - Bed And Breakfast,2,"Sun, 7 May","Sun, 7 May","US$3,657"
234,Agoda,Family Villa king bed,2,"Sun, 7 May","Sun, 7 May","US$1,201"
235,Agoda,Family Villa king bed,2,"Sun, 7 May","Sun, 7 May","US$1,294"
236,Agoda,Three-Bedroom Pool Villa with Ocean View,2,"Sun, 7 May","Sun, 7 May","US$2,972"
237,Agoda,Three Bedroom Pool Villa king bed,2,"Sun, 7 May","Sun, 7 May","US$3,107"
238,Agoda,Three Bedroom Pool Villa king bed,2,"Sun, 7 May","Sun, 7 May","US$3,199"
239,Agoda,Three Bedroom Pool Villa king bed,2,"Sun, 7 May","Sun, 7 May","US$3,292"
240,Agoda,Three Bedroom Ocean View Pool Villa king bed,2,"Sun, 7 May","Sun, 7 May","US$3,373"
241,Agoda,Three Bedroom Ocean View Pool Villa king bed,2,"Sun, 7 May","Sun, 7 May","US$3,465"
242,Agoda,Three Bedroom Ocean View Pool Villa king bed,2,"Sun, 7 May","Sun, 7 May","US$3,557"
243,Agoda,Three Bedroom Beachfront Pool Villa king bed,2,"Sun, 7 May","Sun, 7 May","US$3,661"
244,Agoda,Three Bedroom Beachfront Pool Villa king bed,2,"Sun, 7 May","Sun, 7 May","US$3,754"
245,Agoda,Three Bedroom Beachfront Pool Villa king bed,2,"Sun, 7 May","Sun, 7 May","US$3,846"
